{
  "config": "4B-INT8",
  "duration_min": 1.0,
  "wall_time_s": 69.311,
  "turns_completed": 6,
  "turns_failed": 0,
  "total_prompt_tokens": 1934,
  "total_completion_tokens": 600,
  "total_tokens": 2534,
  "avg_prefill_tok_s": 83.5,
  "avg_decode_tok_s": 13.0,
  "avg_cpu_mw": 7416.1138819875805,
  "avg_gpu_mw": 1406.9032173913054,
  "avg_ane_mw": 695.2260100310559,
  "avg_combined_mw": 9518.242236024838,
  "peak_combined_mw": 43659.1,
  "total_energy_j": 651.61,
  "total_tok_per_joule": 3.9,
  "prompt_tok_per_joule": 3.0,
  "decode_tok_per_joule": 0.9,
  "power_windows": [
    {
      "start_s": 0,
      "end_s": 30,
      "avg_cpu_mw": 6243.108581560283,
      "avg_gpu_mw": 830.9393971631204,
      "avg_ane_mw": 843.3405531914893,
      "avg_combined_mw": 7917.388652482265,
      "peak_combined_mw": 35825.3,
      "total_energy_mj": 237305,
      "thermal_pressure": "Nominal",
      "samples": 141
    },
    {
      "start_s": 30,
      "end_s": 60,
      "avg_cpu_mw": 8287.280141843972,
      "avg_gpu_mw": 2299.69145390071,
      "avg_ane_mw": 582.7546895744683,
      "avg_combined_mw": 11169.725035460991,
      "peak_combined_mw": 43659.1,
      "total_energy_mj": 334910,
      "thermal_pressure": "Nominal",
      "samples": 141
    }
  ],
  "turns": [
    {
      "turn": 1,
      "prompt": "A Transformer neural network processes a sequence of tokens through a highly parallelizable architecture that relies on **self-attention** mechanisms rather than the sequential recurrence found in RNNs or LSTMs.\n\nHere is the step-by-step logical flow of how it processes a sequence:\n\n### 1. Input Embedding\nThe process begins with raw input data (e.g., a sentence like \"Hello, world\").\n*   Each token (word or sub-word) is converted into a dense vector",
      "prompt_tokens": 28,
      "completion_tokens": 100,
      "total_tokens": 128,
      "wall_s": 12.466305208014091,
      "prefill_tok_s": 5.86510569137925,
      "decode_tok_s": 13.0,
      "error": null
    },
    {
      "turn": 2,
      "prompt": "- 2019\u5e743\u670814\u65e5\n# \u3010\u304a\u77e5\u3089\u305b\u3011\u300c\u4ee4\u548c\u5143\u5e74\u5ea6 \u5730\u57df\u9023\u643a\u4e8b\u696d\u300d\u306e\u516c\u52df\u304c\u958b\u59cb\u3055\u308c\u307e\u3057\u305f\n## \u5730\u57df\u9023\u643a\u4e8b\u696d\u3068\u306f\uff1f\n\u5730\u57df\u9023\u643a\u4e8b\u696d\u306f\u3001\u5b66\u6821\u3084\u5730\u57df\u306e\u4eba\u3005\u3068\u306e\u3064\u306a\u304c\u308a\u3092\u6df1\u3081\u3001\u5730\u57df\u4f4f\u6c11\u3068\u5b66\u6821\u3092\u7d50\u3073\u3064\u3051\u308b\u3053\u3068\u3067\u3001\u5730\u57df\u306e\u6559\u80b2\u8cc7\u6e90\u3092\u6d3b\u7528\u3057\u3001\u5730\u57df\u4f4f\u6c11\u306e\u7406\u89e3\u30fb\u5354\u529b\u3092\u5f97\u3066\u3001\u6559\u80b2\u6d3b\u52d5\u306b\u8cc7\u3059\u308b\u6d3b\u52d5\u3092\u884c\u3046\u3053\u3068\u3092\u76ee\u7684\u3068\u3057\u3066\u3044\u307e\u3059\u3002\n\u307e\u305f\u3001\u672c\u6821\u306e\u300cSDGs",
      "prompt_tokens": 155,
      "completion_tokens": 100,
      "total_tokens": 255,
      "wall_s": 9.097015666979132,
      "prefill_tok_s": 110.34321922765079,
      "decode_tok_s": 13.0,
      "error": null
    },
    {
      "turn": 3,
      "prompt": "& 1.5 & 1.8 \\\\\n\\hline\n\\end{tabular}\n\n\n# Appendix B\n## Selected Literature on the Impact of Information Systems\n\n### ABBEY (2004)\n**Title:** \"The impact of information systems on organizational performance: A meta-analysis\"\n**Journal:** *Information Systems Research*, Vol. 15, No. 3, pp. 269-291.\n**Abstract",
      "prompt_tokens": 282,
      "completion_tokens": 100,
      "total_tokens": 382,
      "wall_s": 11.236714667000342,
      "prefill_tok_s": 79.56196960831605,
      "decode_tok_s": 13.0,
      "error": null
    },
    {
      "turn": 4,
      "prompt": "$user_id = 1;\n$user_name = 'test';\n$user_role = 'admin';\n$user_status = 'active';\n\n// Check if the user exists in the database\nif (isset($user_id) && isset($user_name)) {\n    echo \"User ID: $user_id\";\n    echo \"<br>User Name: $user_name\";\n    echo \"<br>User Role: $user_role\";\n    echo \"<br>User Status: $user_status\";",
      "prompt_tokens": 408,
      "completion_tokens": 100,
      "total_tokens": 508,
      "wall_s": 11.644435832975432,
      "prefill_tok_s": 103.23551906165308,
      "decode_tok_s": 13.0,
      "error": null
    },
    {
      "turn": 5,
      "prompt": "(usr)@192.168.1.103:~$ ls -l /usr/share/\ntotal 4\ndrwxr-xr-x 5 root root 4096 Jun  8 13:47 .\ndrwxr-xr-x, 5 usrroot 4096 Jun  8 13:47 ..\ndrwxr-xr-x  2 root root 4",
      "prompt_tokens": 531,
      "completion_tokens": 100,
      "total_tokens": 631,
      "wall_s": 11.9039803329797,
      "prefill_tok_s": 126.07817494459269,
      "decode_tok_s": 13.0,
      "error": null
    },
    {
      "turn": 6,
      "prompt": ", 2015.\n- **Hypertext** \u2013 a type of non-linear text that is linked to other texts (e.g., web pages).\n- **Hyperlinks** \u2013 links from one point in a document to another point in the same or different documents.\n- **Interactivity** \u2013 user interaction with a digital resource; e.g., clicking on an image to see more information.\n- **Metadata** \u2013 data about data, used for searching and organizing digital",
      "prompt_tokens": 530,
      "completion_tokens": 100,
      "total_tokens": 630,
      "wall_s": 12.9612657079997,
      "prefill_tok_s": 100.58914844672405,
      "decode_tok_s": 13.0,
      "error": null
    }
  ],
  "thermal_pressures": [
    "Nominal"
  ],
  "error": null
}